Source File	Size	loadResources	load	generateSnapshots	load-configure	scan	loadDepInfo	loadInfo	checkR4R4B	generateNarratives	validate	loadLists	checkConformanceResources	checkConformanceResources2	checkConformanceResources3	generateLogicalMaps	validateExpressions	scanForUsageStats	checkURLsUnique	processProvenanceDetails	generate1	generate2	generateLogicals	makeDependencies	generateExampleZip	generateValidationPack	scanProfilesForR5	scanExamplesForR5
\fsh-generated\resources\ImplementationGuide-ch.fhir.ig.ch-vacd.json	127363	-	0	0	0	0	0	0	21	1020	0	0	0	0	0	0	0	4	0	0	830	944	0	0	0	40	0	6
fsh-generated/resources/AllergyIntolerance-11-1-AllergyIntolerance.json	1098	8	0	0	1	0	0	0	0	3165	0	0	0	0	0	0	0	0	0	0	42	64	0	0	2	0	0	1
fsh-generated/resources/AllergyIntolerance-11-2-AllergyIntolerance.json	1093	5	0	0	0	0	0	0	0	5	0	0	0	0	0	0	0	0	0	0	36	55	0	0	0	0	0	0
fsh-generated/resources/AllergyIntolerance-11-3-AllergyIntolerance.json	1098	7	0	0	0	0	0	0	0	6	0	0	0	0	0	0	0	0	0	0	34	50	0	0	0	0	0	0
fsh-generated/resources/AllergyIntolerance-11-4-AllergyIntolerance.json	1093	8	0	0	1	0	0	0	0	5	0	0	0	0	0	0	0	1	0	0	43	47	0	0	0	0	0	0
fsh-generated/resources/AllergyIntolerance-TCB01-ALLINTO1.json	1223	10	0	0	0	0	0	0	0	15	0	0	0	0	0	0	0	0	0	0	31	47	0	0	0	0	0	0
fsh-generated/resources/AllergyIntolerance-TCF02-ALLINTO1.json	1118	11	0	0	1	0	0	0	0	5	0	0	0	0	0	0	0	0	0	0	30	47	0	0	0	0	0	0
fsh-generated/resources/AllergyIntolerance-TCF02-ALLINTO2.json	2231	7	0	0	0	0	0	0	0	7	0	0	0	0	0	0	0	0	0	0	52	49	0	0	0	0	0	0
fsh-generated/resources/AllergyIntolerance-TCF02-ALLINTO3.json	1389	6	0	0	0	0	0	0	0	5	0	0	0	0	0	0	0	0	0	0	30	53	0	0	0	0	0	0
fsh-generated/resources/Binary-1-1-ImmunizationAdministration-Binary.json	181014	8	0	0	1	0	0	0	0	1	0	0	0	0	0	0	0	0	0	0	670	130	0	0	0	0	0	0
fsh-generated/resources/Binary-originalRepresentation1.json	84568	5	0	0	0	0	0	0	0	0	0	0	0	0	0	0	0	0	0	0	303	77	0	0	0	0	0	0
fsh-generated/resources/Bundle-1-1-ImmunizationAdministration.json	202298	12	63013	0	0	0	0	0	1	36	0	0	0	0	0	0	0	0	0	0	732	167	0	0	0	0	0	0
fsh-generated/resources/Bundle-1-3-VaccinationRecord.json	78495	19	74	0	0	0	0	0	2	673	0	0	0	0	0	0	0	1	0	0	388	421	0	0	0	0	0	1
fsh-generated/resources/Bundle-1-4-ImmunizationRecommendationRequest.json	34652	11	26	0	1	0	0	0	3	130	0	0	0	0	0	0	0	0	0	0	211	300	0	0	0	0	0	0
fsh-generated/resources/Bundle-1-5-ImmunizationRecommendationResponse.json	8969	6	15	0	0	0	0	0	0	51	0	0	0	0	0	0	0	0	0	0	83	90	0	0	0	0	0	0
fsh-generated/resources/Bundle-A-D1-P-C1.json	15052	8	14	0	0	0	0	0	1	15186	0	0	0	0	0	0	0	0	0	0	82	126	0	0	0	0	0	1
fsh-generated/resources/Bundle-A-D2-HCP1-C1.json	12839	8	7	0	1	0	0	0	1	12	0	0	0	0	0	0	0	0	0	0	74	105	0	0	0	0	0	0
fsh-generated/resources/Bundle-A-D3-HCP2-C2.json	15819	8	7	0	0	0	0	0	0	15	0	0	0	0	0	0	0	0	0	0	130	97	0	0	0	0	0	0
fsh-generated/resources/Bundle-A-D4-HCP2-C2.json	16152	9	8	0	0	0	0	0	1	16	0	0	0	0	0	0	0	0	0	0	135	107	0	0	0	0	0	0
fsh-generated/resources/Bundle-A-D5-P-C1.json	16780	10	10	0	1	0	0	0	1	16	0	0	0	0	0	0	0	1	0	0	88	113	0	0	0	0	0	0
fsh-generated/resources/Bundle-A-D6-HCP1-C1.json	20333	10	13	0	0	0	0	0	1	21	0	0	0	0	0	0	0	0	0	0	102	302	0	0	0	0	0	1
fsh-generated/resources/Bundle-B-D1-HCP1-C1.json	22159	9	8	0	0	0	0	0	0	25	0	0	0	0	0	0	0	0	0	0	110	185	0	0	0	0	0	0
fsh-generated/resources/Bundle-B-D2-HCP1-C1.json	10589	8	6	0	1	0	0	0	1	7	0	0	0	0	0	0	0	0	0	0	65	137	0	0	0	0	0	0
fsh-generated/resources/Bundle-B-D3-HCP1-C1.json	10689	7	8	0	0	0	0	0	0	9	0	0	0	0	0	0	0	0	0	0	59	97	0	0	0	0	0	0
fsh-generated/resources/Bundle-B-D4-HCP1-C1.json	10635	7	8	0	0	0	0	0	1	9	0	0	0	0	0	0	0	0	0	0	59	133	0	0	0	0	0	0
fsh-generated/resources/Bundle-B-D5-HCP1-C1.json	11909	7	6	0	1	0	0	0	0	10	0	0	0	0	0	0	0	1	0	0	69	122	0	0	1	0	0	2
fsh-generated/resources/Bundle-B-D6-HCP1-C1.json	10795	8	8	0	0	0	0	0	1	11	0	0	0	0	0	0	0	0	0	0	87	86	0	0	0	0	0	0
fsh-generated/resources/Bundle-C-D1-P-C1.json	16758	11	18	0	0	0	0	0	1	17	0	0	0	0	0	0	0	0	0	0	87	155	0	0	0	0	0	0
fsh-generated/resources/Bundle-C-D2-HCP1-C1.json	20331	15	16	0	0	0	0	0	1	21	0	0	0	0	0	0	0	0	0	0	102	176	0	0	0	0	0	0
fsh-generated/resources/Bundle-C-D3-HCP1-C1.json	11923	12	9	0	0	0	0	0	1	8	0	0	0	0	0	0	0	0	0	0	61	133	0	0	0	0	0	0
fsh-generated/resources/Bundle-C-D4-HCP2-C2.json	14102	10	7	0	1	0	0	0	1	13	0	0	0	0	0	0	0	1	0	0	75	120	0	0	0	0	0	1
fsh-generated/resources/Bundle-C-D5-HCP1-C1.json	11802	10	7	0	0	0	0	0	1	13	0	0	0	0	0	0	0	0	0	0	63	98	0	0	0	0	0	0
fsh-generated/resources/Bundle-C-D6-P-C1.json	8204	12	7	0	0	0	0	1	0	6	0	0	0	0	0	0	0	0	0	0	49	64	0	0	0	0	0	0
fsh-generated/resources/Bundle-C-D7-HCP1-C1.json	11471	12	7	0	0	0	0	0	1	10	0	0	0	0	0	0	0	0	0	0	62	88	0	0	0	0	0	0
fsh-generated/resources/Bundle-D-D1-HCP1-C1.json	22702	9	10	0	0	0	0	0	1	26	0	0	0	0	0	0	0	0	0	0	143	124	0	0	0	0	0	0
fsh-generated/resources/Bundle-D-D2-HCP2-C2.json	28678	14	16	0	1	0	0	0	2	36	0	0	0	0	0	0	0	0	0	0	169	93	0	0	0	0	0	1
fsh-generated/resources/Bundle-D-D3-HCP1-C1.json	27581	15	18	0	0	0	0	0	1	31	0	0	0	0	0	0	0	1	0	0	160	89	0	0	0	0	0	0
fsh-generated/resources/Bundle-D-D4-HCP2-C2.json	33253	14	13	0	0	0	0	0	2	42	0	0	0	0	0	0	0	0	0	0	153	96	0	0	0	0	0	0
fsh-generated/resources/Bundle-D-D5-HCP1-C1.json	10770	7	11	0	0	0	0	0	1	8	0	0	0	0	0	0	0	0	0	0	64	61	0	0	0	0	0	0
fsh-generated/resources/Bundle-D-D6-HCP2-C2.json	14118	12	8	0	0	0	0	0	0	13	0	0	0	0	0	0	0	0	0	0	75	61	0	0	0	0	0	1
fsh-generated/resources/Bundle-D-D7-HCP3-C1.json	14117	12	7	0	1	0	0	0	1	11	0	0	0	0	0	0	0	1	0	0	84	95	0	0	0	0	0	0
fsh-generated/resources/Bundle-E-D1-HCP1-C1.json	22194	15	8	0	0	0	0	0	0	22	0	0	0	0	0	0	0	0	0	0	109	111	0	0	0	0	0	0
fsh-generated/resources/Bundle-E-D2-HCP1-C1.json	10689	9	7	0	0	0	0	0	1	7	0	0	0	0	0	0	0	0	0	0	59	61	0	0	0	0	0	0
fsh-generated/resources/Bundle-F-D1-HCP1-C1.json	15414	9	9	0	0	0	0	0	0	14	0	0	0	0	0	0	0	0	0	0	82	72	0	0	0	0	0	0
fsh-generated/resources/Bundle-F-D2-HCP1-C1.json	16691	8	6	0	0	0	0	0	1	15	0	0	0	0	0	0	0	0	0	0	83	132	0	0	0	0	0	1
fsh-generated/resources/Bundle-F-D3-HCP1-C1.json	10500	8	11	0	1	0	0	0	0	9	0	0	0	0	0	0	0	1	0	0	56	77	0	0	0	0	0	0
fsh-generated/resources/Bundle-F-D4-HCP1-C1.json	11853	8	6	0	0	0	0	0	1	9	0	0	0	0	0	0	0	0	0	0	67	82	0	0	0	0	0	0
fsh-generated/resources/Bundle-F-D5-HCP1-C1.json	10415	8	6	0	0	0	0	0	1	6	0	0	0	0	0	0	0	0	0	0	54	66	0	0	0	0	0	0
fsh-generated/resources/Bundle-F-D6-HCP1-C1.json	11708	7	7	0	1	0	0	0	1	8	0	0	0	0	0	0	0	0	0	0	60	56	0	0	0	0	0	0
fsh-generated/resources/Bundle-RDA01.json	30144	10	10	0	0	0	0	0	1	29	0	0	0	0	0	0	0	0	0	0	153	120	0	0	0	0	0	4
fsh-generated/resources/Bundle-RDA01b.json	32221	10	27	0	0	0	0	0	1	45	0	0	0	0	0	0	0	1	0	0	152	141	0	0	0	0	0	1
fsh-generated/resources/Bundle-RDA02.json	32993	10	10	0	0	0	0	0	2	37	0	0	0	0	0	0	0	0	0	0	154	140	0	0	0	0	0	0
fsh-generated/resources/Bundle-RDA02b.json	35070	11	10	0	0	0	0	0	1	39	0	0	0	0	0	0	0	0	0	0	208	156	0	0	0	0	0	0
fsh-generated/resources/Bundle-RDA03.json	35805	12	11	0	0	0	0	0	2	50	0	0	0	0	0	0	0	1	0	0	317	106	0	0	0	0	0	0
fsh-generated/resources/Bundle-RDA03b.json	37882	11	11	0	1	0	0	0	1	44	0	0	0	0	0	0	0	0	0	0	339	143	0	0	0	0	0	0
fsh-generated/resources/Bundle-RDA04.json	36828	12	12	0	0	0	0	0	2	38	0	0	0	0	0	0	0	1	0	0	344	96	0	0	0	0	0	1
fsh-generated/resources/Bundle-RDA04b.json	38905	13	10	0	0	0	0	0	2	43	0	0	0	0	0	0	0	0	0	0	294	109	0	0	0	0	0	0
fsh-generated/resources/Bundle-RDB01.json	24542	15	10	0	0	0	0	0	1	19	0	0	0	0	0	0	0	0	0	0	211	81	0	0	0	0	0	0
fsh-generated/resources/Bundle-RDB01b.json	26619	12	10	0	0	0	0	0	2	22	0	0	0	0	0	0	0	1	0	0	173	88	0	0	0	0	0	0
fsh-generated/resources/Bundle-RDB02.json	24642	10	9	0	0	0	0	0	1	20	0	0	0	0	0	0	0	0	0	0	134	137	0	0	0	0	0	0
fsh-generated/resources/Bundle-RDB02b.json	26719	10	9	0	1	0	0	0	1	25	0	0	0	0	0	0	0	0	0	0	156	91	0	0	2	0	0	1
fsh-generated/resources/Bundle-RDB03.json	24726	11	10	0	0	0	0	0	1	20	0	0	0	0	0	0	0	1	0	0	140	94	0	0	0	0	0	0
fsh-generated/resources/Bundle-RDB03b.json	26803	9	12	0	0	0	0	0	2	22	0	0	0	0	0	0	0	0	0	0	196	102	0	0	0	0	0	0
fsh-generated/resources/Bundle-RDB04.json	25860	10	10	0	0	0	0	0	2	20	0	0	0	0	0	0	0	0	0	0	172	87	0	0	0	0	0	0
fsh-generated/resources/Bundle-RDB04b.json	27935	9	10	0	0	0	0	0	2	24	0	0	0	0	0	0	0	0	0	0	251	110	0	0	0	0	0	0
fsh-generated/resources/Bundle-RDB05.json	24724	10	9	0	1	0	0	0	2	19	0	0	0	0	0	0	0	0	0	0	187	80	0	0	0	0	0	0
fsh-generated/resources/Bundle-RDB05b.json	26800	9	9	0	0	0	0	0	2	26	0	0	0	0	0	0	0	1	0	0	181	85	0	0	0	0	0	0
fsh-generated/resources/Bundle-RDC01.json	14715	7	7	0	0	0	0	0	1	10	0	0	0	0	0	0	0	0	0	0	160	71	0	0	0	0	0	1
fsh-generated/resources/Bundle-RDC01b.json	16792	8	8	0	0	0	0	0	1	15	0	0	0	0	0	0	0	0	0	0	179	69	0	0	0	0	0	0
fsh-generated/resources/Bundle-RDC02.json	18181	8	6	0	1	0	0	0	1	12	0	0	0	0	0	0	0	0	0	0	148	70	0	0	0	0	0	0
fsh-generated/resources/Bundle-RDC02b.json	20258	7	11	0	0	0	0	0	2	14	0	0	0	0	0	0	0	0	0	0	215	80	1	0	0	0	0	0
fsh-generated/resources/Bundle-RDC03.json	25788	8	9	0	0	0	0	0	1	15	0	0	0	0	0	0	0	0	0	0	248	99	0	0	0	0	0	0
fsh-generated/resources/Bundle-RDC03b.json	27865	8	11	0	0	0	0	0	2	20	0	0	0	0	0	0	0	0	0	0	270	84	0	0	0	0	0	0
fsh-generated/resources/Bundle-RDC04.json	10590	8	7	0	0	0	0	0	0	5	0	0	0	0	0	0	0	1	0	0	103	58	0	0	0	0	0	0
fsh-generated/resources/Bundle-RDC04b.json	12666	6	12	0	1	0	0	0	1	5	0	0	0	0	0	0	0	0	0	0	144	74	0	0	0	0	0	0
fsh-generated/resources/Bundle-RDC05.json	10266	6	6	0	0	0	0	0	0	6	0	0	0	0	0	0	0	0	0	0	100	88	0	0	0	0	0	0
fsh-generated/resources/Bundle-RDC05b.json	12343	6	7	0	0	0	0	0	1	8	0	0	0	0	0	0	0	0	0	0	131	130	0	0	0	0	0	0
fsh-generated/resources/Bundle-RDD01.json	41059	9	11	0	0	0	0	0	2	42	0	0	0	0	0	0	0	0	0	0	337	130	0	0	0	0	0	1
fsh-generated/resources/Bundle-RDD01b.json	43136	24	11	0	1	0	0	0	2	40	0	0	0	0	0	0	0	0	0	0	339	117	0	0	0	0	0	0
fsh-generated/resources/Bundle-RDD02.json	51879	10	13	0	0	0	0	0	3	42	0	0	0	0	0	0	0	1	0	0	473	124	0	0	0	0	0	0
fsh-generated/resources/Bundle-RDD02b.json	53956	10	13	0	3	0	0	0	2	44	0	0	0	0	0	0	0	0	0	0	510	142	0	0	0	0	0	1
fsh-generated/resources/Bundle-RDD03.json	22560	7	8	0	0	0	0	0	0	22	0	0	0	0	0	0	0	0	0	0	182	79	0	0	0	0	0	0
fsh-generated/resources/Bundle-RDD03b.json	24637	7	8	0	1	0	0	0	2	15	0	0	0	0	0	0	0	0	0	0	264	98	0	0	0	0	0	0
fsh-generated/resources/Bundle-RDE01.json	24410	7	8	0	0	0	0	0	1	16	0	0	0	0	0	0	0	1	0	0	235	121	0	0	0	0	0	0
fsh-generated/resources/Bundle-RDE01b.json	26487	7	9	0	0	0	0	0	1	18	0	0	0	0	0	0	0	0	0	0	177	117	0	0	0	0	0	0
fsh-generated/resources/Bundle-RDF01.json	14959	7	8	0	1	0	0	0	0	6	0	0	0	0	0	0	0	0	0	0	139	95	0	0	0	0	0	0
fsh-generated/resources/Bundle-RDF01b.json	17036	7	7	0	0	0	0	0	1	11	0	0	0	0	0	0	0	0	0	0	182	73	0	0	0	0	0	0
fsh-generated/resources/Bundle-RDF02.json	10639	6	5	0	0	0	0	0	0	4	0	0	0	0	0	0	0	0	0	0	122	70	0	0	0	0	0	0
fsh-generated/resources/Bundle-RDF02b.json	12716	6	5	0	0	0	0	0	0	9	0	0	0	0	0	0	0	0	0	0	138	85	0	0	0	0	0	1
fsh-generated/resources/Bundle-RDF03.json	10510	6	7	0	1	0	0	0	1	6	0	0	0	0	0	0	0	0	0	0	102	55	0	0	0	0	0	0
fsh-generated/resources/Bundle-RDF03b.json	10515	5	5	0	0	0	0	0	0	4	0	0	0	0	0	0	0	1	0	0	87	55	0	0	0	0	0	0
fsh-generated/resources/CodeSystem-ch-vacd-basic-immunization-cs.json	11815	6	0	0	0	0	1	0	1	30	0	0	0	0	0	0	0	0	0	0	156	9940	0	0	0	3	0	0
fsh-generated/resources/CodeSystem-ch-vacd-clinical-decision-support-event-cs.json	2395	4	0	0	0	0	0	0	0	14	0	0	0	0	0	0	0	0	0	0	67	229	0	0	0	0	0	0
fsh-generated/resources/CodeSystem-ch-vacd-entry-conflict-cs.json	1519	5	0	0	0	0	0	0	0	13	0	0	0	0	0	0	0	0	0	0	53	231	0	0	0	1	0	0
fsh-generated/resources/CodeSystem-ch-vacd-exposure-risks-cs.json	1969	4	0	0	1	0	0	0	0	13	0	0	0	0	0	0	0	0	0	0	61	239	0	0	0	1	0	0
fsh-generated/resources/Composition-2-1-ImmunizationAdministrationComposition.json	12196	6	0	0	0	0	0	0	0	1	0	0	0	0	0	0	0	0	0	0	92	101	0	0	0	0	0	0
fsh-generated/resources/Composition-2-3-VaccinationRecordComposition.json	43328	9	0	0	0	0	0	0	0	0	0	0	0	0	0	0	0	0	0	0	275	97	0	0	0	0	0	0
fsh-generated/resources/Composition-A-D1-P-C1-Composition.json	3142	5	0	0	0	0	0	0	0	0	0	0	0	0	0	0	0	0	0	0	47	73	0	0	0	0	0	0
fsh-generated/resources/Composition-A-D2-HCP1-C1-Composition.json	3286	5	0	0	0	0	0	0	0	0	0	0	0	0	0	0	0	0	0	0	45	55	0	0	2	0	0	0
fsh-generated/resources/Composition-A-D3-HCP2-C2-Composition.json	3290	5	0	0	0	0	0	0	0	1	0	0	0	0	0	0	0	0	0	0	50	60	0	0	0	0	0	0
fsh-generated/resources/Composition-A-D4-HCP2-C2-Composition.json	3844	5	0	0	1	0	0	0	1	0	0	0	0	0	0	0	0	0	0	0	48	51	0	0	0	0	0	0
fsh-generated/resources/Composition-A-D5-P-C1-Composition.json	3705	5	0	0	0	0	0	0	0	0	0	0	0	0	0	0	0	0	0	0	41	50	0	0	0	0	0	0
fsh-generated/resources/Composition-A-D6-HCP1-C1-Composition.json	4117	5	0	0	0	0	0	0	0	0	0	0	0	0	0	0	0	0	0	0	60	63	0	0	0	0	0	0
fsh-generated/resources/Composition-B-D1-HCP1-C1-Composition.json	3406	5	0	0	0	0	0	0	0	0	0	0	0	0	0	0	0	0	0	0	45	63	0	0	0	0	0	0
fsh-generated/resources/Composition-B-D2-HCP1-C1-Composition.json	3274	4	0	0	0	0	0	0	0	0	0	0	0	0	0	0	0	0	0	0	46	59	0	0	0	0	0	0
fsh-generated/resources/Composition-B-D3-HCP1-C1-Composition.json	3222	5	0	0	0	0	0	0	1	0	0	0	0	0	0	0	0	0	0	0	43	48	0	0	0	0	0	0
fsh-generated/resources/Composition-B-D4-HCP1-C1-Composition.json	3090	5	0	0	0	0	0	0	0	0	0	0	0	0	0	0	0	0	0	0	51	48	0	0	0	0	0	0
fsh-generated/resources/Composition-B-D5-HCP1-C1-Composition.json	3245	5	0	0	1	0	0	0	0	0	0	0	0	0	0	0	0	0	0	0	49	59	0	0	0	0	0	0
fsh-generated/resources/Composition-B-D6-HCP1-C1-Composition.json	3273	5	0	0	0	0	0	0	0	0	0	0	0	0	0	0	0	0	0	0	48	63	0	0	0	0	0	0
fsh-generated/resources/Composition-C-D1-P-C1-Composition.json	3969	5	0	0	0	0	0	0	0	0	0	0	0	0	0	0	0	0	0	0	46	65	0	0	0	0	0	0
fsh-generated/resources/Composition-C-D2-HCP1-C1-Composition.json	4091	5	0	0	0	0	0	0	0	0	0	0	0	0	0	0	0	0	0	0	44	57	0	0	0	0	0	0
fsh-generated/resources/Composition-C-D3-HCP1-C1-Composition.json	3244	5	0	0	0	0	0	0	0	0	0	0	0	0	0	0	0	0	0	0	42	111	0	0	0	0	0	0
fsh-generated/resources/Composition-C-D4-HCP2-C2-Composition.json	3224	4	0	0	0	0	0	0	0	1	0	0	0	0	0	0	0	0	0	0	49	119	0	0	0	0	0	0
fsh-generated/resources/Composition-C-D5-HCP1-C1-Composition.json	3228	5	0	0	1	0	0	0	1	0	0	0	0	0	0	0	0	0	0	0	51	75	0	0	0	0	0	0
fsh-generated/resources/Composition-C-D6-P-C1-Composition.json	3100	4	0	0	0	0	0	0	0	0	0	0	0	0	0	0	0	0	0	0	47	60	0	0	0	0	0	0
fsh-generated/resources/Composition-C-D7-HCP1-C1-Composition.json	3222	5	0	0	0	0	0	0	0	0	0	0	0	0	0	0	0	0	0	0	49	59	0	0	0	0	0	0
fsh-generated/resources/Composition-D-D1-HCP1-C1-Composition.json	3847	4	0	0	0	0	0	0	0	0	0	0	0	0	0	0	0	0	0	0	51	79	0	0	0	0	0	0
fsh-generated/resources/Composition-D-D2-HCP2-C2-Composition.json	4009	5	0	0	0	0	0	0	0	0	0	0	0	0	0	0	0	0	0	0	47	61	0	0	0	0	0	0
fsh-generated/resources/Composition-D-D3-HCP1-C1-Composition.json	4944	5	1	0	0	0	0	0	0	0	0	0	0	0	0	0	0	0	0	0	66	66	0	0	0	0	0	0
fsh-generated/resources/Composition-D-D4-HCP2-C2-Composition.json	5105	5	0	0	0	0	0	0	0	0	0	0	0	0	0	0	0	0	0	0	62	55	0	0	0	0	0	0
fsh-generated/resources/Composition-D-D5-HCP1-C1-Composition.json	3230	4	0	0	0	0	0	0	0	0	0	0	0	0	0	0	0	0	0	0	50	46	0	0	0	0	0	0
fsh-generated/resources/Composition-D-D6-HCP2-C2-Composition.json	3229	4	0	0	1	0	0	0	0	0	0	0	0	0	0	0	0	0	0	0	49	47	0	0	0	0	0	0
fsh-generated/resources/Composition-D-D7-HCP3-C1-Composition.json	3228	4	0	0	0	0	0	0	0	0	0	0	0	0	0	0	0	0	0	0	49	44	0	0	0	0	0	0
fsh-generated/resources/Composition-E-D1-HCP1-C1-Composition.json	3400	5	0	0	0	0	0	0	1	0	0	0	0	0	0	0	0	0	0	0	51	49	0	0	0	0	0	0
fsh-generated/resources/Composition-E-D2-HCP1-C1-Composition.json	3222	4	0	0	0	0	0	0	0	0	0	0	0	0	0	0	0	0	0	0	52	53	0	0	0	0	0	0
fsh-generated/resources/Composition-F-D1-HCP1-C1-Composition.json	3245	5	0	0	0	0	0	0	0	0	0	0	0	0	0	0	0	0	0	0	49	51	0	0	0	0	0	0
fsh-generated/resources/Composition-F-D2-HCP1-C1-Composition.json	3245	4	0	0	0	0	0	0	0	0	0	0	0	0	0	0	0	0	0	0	44	56	0	0	0	0	0	0
fsh-generated/resources/Composition-F-D3-HCP1-C1-Composition.json	3290	4	0	0	0	0	0	0	0	0	0	0	0	0	0	0	0	0	0	0	44	63	0	0	0	0	0	0
fsh-generated/resources/Composition-F-D4-HCP1-C1-Composition.json	3290	5	0	0	1	0	0	0	0	1	0	0	0	0	0	0	0	0	0	0	43	65	0	0	0	0	0	0
fsh-generated/resources/Composition-F-D5-HCP1-C1-Composition.json	3222	4	0	0	0	0	0	0	0	0	0	0	0	0	0	0	0	0	0	0	45	66	0	0	0	0	0	0
fsh-generated/resources/Composition-F-D6-HCP1-C1-Composition.json	3222	4	0	0	0	0	0	0	0	0	0	0	0	0	0	0	0	0	0	0	52	55	0	0	0	0	0	0
fsh-generated/resources/Composition-RDA01-Composition-b.json	4084	4	0	0	0	0	0	0	0	0	0	0	0	0	0	0	0	0	0	0	53	47	0	0	0	0	0	0
fsh-generated/resources/Composition-RDA01-Composition.json	4073	5	0	0	0	0	0	0	0	0	0	0	0	0	0	0	0	0	0	0	55	43	0	0	0	0	0	1
fsh-generated/resources/Composition-RDA02-Composition-b.json	4291	4	0	0	0	0	0	0	1	0	0	0	0	0	0	0	0	1	0	0	62	44	0	0	0	0	0	0
fsh-generated/resources/Composition-RDA02-Composition.json	4280	4	0	0	0	0	0	0	0	0	0	0	0	0	0	0	0	0	0	0	58	45	0	0	0	0	0	0
fsh-generated/resources/Composition-RDA03-Composition-b.json	4479	5	0	0	1	0	0	0	0	0	0	0	0	0	0	0	0	0	0	0	61	50	0	0	1	0	0	0
fsh-generated/resources/Composition-RDA03-Composition.json	4468	4	0	0	0	0	0	0	0	0	0	0	0	0	0	0	0	0	0	0	57	54	0	0	0	0	0	0
fsh-generated/resources/Composition-RDA04-Composition-b.json	4501	5	0	0	0	0	0	0	0	0	0	0	0	0	0	0	0	0	0	0	54	46	0	0	0	0	0	0
fsh-generated/resources/Composition-RDA04-Composition.json	4490	4	0	0	0	0	0	0	0	0	0	0	0	0	0	0	0	0	0	0	53	107	0	0	0	0	0	0
fsh-generated/resources/Composition-RDB01-Composition-b.json	4072	5	0	0	0	0	0	0	0	0	0	0	0	0	0	0	0	0	0	0	61	46	0	0	0	0	0	0
fsh-generated/resources/Composition-RDB01-Composition.json	4061	4	0	0	0	0	0	0	0	0	0	0	0	0	0	0	0	0	0	0	56	54	0	0	0	0	0	0
fsh-generated/resources/Composition-RDB02-Composition-b.json	4020	4	0	0	1	0	0	0	0	0	0	0	0	0	0	0	0	0	0	0	58	40	0	0	0	0	0	0
fsh-generated/resources/Composition-RDB02-Composition.json	4009	5	0	0	0	0	0	0	1	0	0	0	0	0	0	0	0	0	0	0	58	40	0	0	0	0	0	0
fsh-generated/resources/Composition-RDB03-Composition-b.json	4026	4	0	0	0	0	0	0	0	0	0	0	0	0	0	0	0	0	0	0	52	41	0	0	0	0	0	0
fsh-generated/resources/Composition-RDB03-Composition.json	4015	5	0	0	0	0	0	0	0	0	0	0	0	0	0	0	0	0	0	0	47	46	0	0	0	0	0	0
fsh-generated/resources/Composition-RDB04-Composition-b.json	4040	4	0	0	0	0	0	0	0	1	0	0	0	0	0	0	0	0	0	0	58	51	0	0	0	0	0	0
fsh-generated/resources/Composition-RDB04-Composition.json	4030	4	0	0	0	0	0	0	0	0	0	0	0	0	0	0	0	0	0	0	55	48	0	0	0	0	0	0
fsh-generated/resources/Composition-RDB05-Composition-b.json	4044	5	0	0	1	0	0	0	0	0	0	0	0	0	0	0	0	0	0	0	58	56	0	0	0	0	0	0
fsh-generated/resources/Composition-RDB05-Composition.json	4034	4	0	0	0	0	0	0	0	0	0	0	0	0	0	0	0	0	0	0	52	50	0	0	0	0	0	0
fsh-generated/resources/Composition-RDC01-Composition-b.json	3117	4	0	0	0	0	0	0	0	0	0	0	0	0	0	0	0	0	0	0	44	56	0	0	0	0	0	0
fsh-generated/resources/Composition-RDC01-Composition.json	3106	4	0	0	0	0	0	0	0	0	0	0	0	0	0	0	0	0	0	0	42	53	0	0	0	0	0	0
fsh-generated/resources/Composition-RDC02-Composition-b.json	3138	4	0	0	0	0	0	0	1	0	0	0	0	0	0	0	0	0	0	0	48	47	0	0	0	0	0	0
fsh-generated/resources/Composition-RDC02-Composition.json	3127	5	0	0	0	0	0	0	0	0	0	0	0	0	0	0	0	0	0	0	51	41	0	0	0	0	0	0
fsh-generated/resources/Composition-RDC03-Composition-b.json	4026	4	0	0	0	0	0	0	0	0	0	0	0	0	0	0	0	0	0	0	53	41	0	0	0	0	0	0
fsh-generated/resources/Composition-RDC03-Composition.json	4015	4	0	0	0	0	0	0	0	0	0	0	0	0	0	0	0	0	0	0	44	48	0	0	0	0	0	0
fsh-generated/resources/Composition-RDC04-Composition-b.json	3068	4	0	0	1	0	0	0	0	0	0	0	0	0	0	0	0	0	0	0	51	55	0	0	0	0	0	0
fsh-generated/resources/Composition-RDC04-Composition.json	3058	4	0	0	0	0	0	0	0	0	0	0	0	0	0	0	0	0	0	0	42	52	0	0	0	0	0	0
fsh-generated/resources/Composition-RDC05-Composition-b.json	3070	4	0	0	0	0	0	0	0	0	0	0	0	0	0	0	0	0	0	0	43	44	0	0	0	0	0	0
fsh-generated/resources/Composition-RDC05-Composition.json	3059	4	0	0	0	0	0	0	1	0	0	0	0	0	0	0	0	0	0	0	48	52	0	0	0	0	0	0
fsh-generated/resources/Composition-RDD01-Composition-b.json	3752	4	0	0	0	0	0	0	0	0	0	0	0	0	0	0	0	0	0	0	49	53	0	0	0	0	0	0
fsh-generated/resources/Composition-RDD01-Composition.json	3741	4	0	0	0	0	0	0	0	0	0	0	0	0	0	0	0	0	0	0	53	77	0	0	0	0	0	0
fsh-generated/resources/Composition-RDD02-Composition-b.json	5628	5	0	0	0	0	0	0	0	0	0	0	0	0	0	0	0	0	0	0	62	80	0	0	0	0	0	0
fsh-generated/resources/Composition-RDD02-Composition.json	5617	4	0	0	1	0	0	0	1	1	0	0	0	0	0	0	0	0	0	0	60	82	0	0	0	0	0	0
fsh-generated/resources/Composition-RDD03-Composition-b.json	3082	4	0	0	0	0	0	0	0	0	0	0	0	0	0	0	0	0	0	0	38	61	0	0	0	0	0	0
fsh-generated/resources/Composition-RDD03-Composition.json	3071	4	0	0	0	0	0	0	0	0	0	0	0	0	0	0	0	0	0	0	40	53	0	0	0	0	0	0
fsh-generated/resources/Composition-RDE01-Composition-b.json	4051	4	0	0	0	0	0	0	0	0	0	0	0	0	0	0	0	0	0	0	56	49	0	0	0	0	0	0
fsh-generated/resources/Composition-RDE01-Composition.json	4040	5	0	0	0	0	0	0	0	0	0	0	0	0	0	0	0	0	0	0	59	73	0	0	0	0	0	0
fsh-generated/resources/Composition-RDF01-Composition-b.json	3093	4	0	0	0	0	0	0	1	0	0	0	0	0	0	0	0	0	0	0	54	43	0	0	0	0	0	0
fsh-generated/resources/Composition-RDF01-Composition.json	3082	4	0	0	0	0	0	0	0	0	0	0	0	0	0	0	0	0	0	0	50	43	0	0	0	0	0	0
fsh-generated/resources/Composition-RDF02-Composition-b.json	3138	4	0	0	1	0	0	0	0	0	0	0	0	0	0	0	0	0	0	0	52	49	0	0	0	0	0	0
fsh-generated/resources/Composition-RDF02-Composition.json	3127	4	0	0	0	0	0	0	0	4	0	0	0	0	0	0	0	0	0	0	55	42	0	0	0	0	0	0
fsh-generated/resources/Composition-RDF03-Composition-b.json	3068	4	0	0	0	0	0	0	0	0	0	0	0	0	0	0	0	0	0	0	52	41	0	0	0	0	0	0
fsh-generated/resources/Composition-RDF03-Composition.json	3066	3	0	0	0	0	0	0	0	0	0	0	0	0	0	0	0	0	0	0	54	40	0	0	2	0	0	0
fsh-generated/resources/Condition-8-2-Condition.json	1320	4	0	0	0	0	0	0	1	3	0	0	0	0	0	0	0	0	0	0	56	75	0	0	0	0	0	0
fsh-generated/resources/Condition-8-3-Condition.json	1329	3	0	0	0	0	0	0	0	3	0	0	0	0	0	0	0	0	0	0	46	49	0	0	0	0	0	0
fsh-generated/resources/Condition-8-4-Condition.json	1088	3	0	0	0	0	0	0	0	2	0	0	0	0	0	0	0	0	0	0	58	45	0	0	0	0	0	0
fsh-generated/resources/Condition-8-6-Condition.json	1320	4	0	0	0	0	0	0	0	1	0	0	0	0	0	0	0	0	0	0	48	53	0	0	0	0	0	0
fsh-generated/resources/Condition-8-7-Condition.json	1329	3	0	0	1	0	0	0	0	2	0	0	0	0	0	0	0	0	0	0	52	47	0	0	0	0	0	0
fsh-generated/resources/Condition-8-8-Condition.json	1088	4	0	0	0	0	0	0	0	2	0	0	0	0	0	0	0	0	0	0	43	40	0	0	0	0	0	0
fsh-generated/resources/Condition-TCB02-UNDILL1-2.json	1503	3	0	0	0	0	0	0	0	2	0	0	0	0	0	0	0	0	0	0	42	47	0	0	0	0	0	0
fsh-generated/resources/Condition-TCB02-UNDILL1.json	1325	4	0	0	0	0	0	0	0	2	0	0	0	0	0	0	0	0	0	0	49	40	0	0	0	0	0	0
fsh-generated/resources/Condition-TCB03-EXPRISK1-2.json	1760	5	0	0	0	0	0	0	0	3	0	0	0	0	0	0	0	0	0	0	82	39	0	0	0	0	0	0
fsh-generated/resources/Condition-TCB03-EXPRISK1.json	1384	4	0	0	0	0	0	0	1	2	0	0	0	0	0	0	0	0	0	0	56	41	0	0	0	0	0	0
fsh-generated/resources/Condition-TCB05-EXPRISK2.json	1367	9	0	0	1	0	0	0	0	1	0	0	0	0	0	0	0	0	0	0	48	39	0	0	0	0	0	0
fsh-generated/resources/Condition-TCC03-EXPRISK1.json	2254	3	0	0	0	0	0	0	0	2	0	0	0	0	0	0	0	0	0	0	58	44	0	0	0	0	0	0
fsh-generated/resources/Condition-TCC04-EXPRISK1.json	1363	4	0	0	0	0	0	0	0	2	0	0	0	0	0	0	0	0	0	0	44	48	0	0	0	0	0	0
fsh-generated/resources/Condition-TCC04-EXPRISK2.json	2233	3	0	0	0	0	0	0	0	1	0	0	0	0	0	0	0	0	0	0	53	43	0	0	0	0	0	0
fsh-generated/resources/Condition-TCC04-EXPRISK3.json	1400	4	0	0	0	0	0	0	0	2	0	0	0	0	0	0	0	0	0	0	49	47	0	0	0	0	0	0
fsh-generated/resources/Condition-TCC05-UNDILL1.json	1084	4	0	0	0	0	0	0	0	2	0	0	0	0	0	0	0	0	0	0	43	54	0	0	0	0	0	0
fsh-generated/resources/Condition-TCC05-UNDILL2.json	1969	3	0	0	1	0	0	0	0	2	0	0	0	0	0	0	0	1	0	0	54	42	0	0	0	0	0	0
fsh-generated/resources/Condition-TCC05-UNDILL3.json	1136	4	0	0	0	0	0	0	0	2	0	0	0	0	0	0	0	0	0	0	50	41	0	0	0	0	0	0
fsh-generated/resources/Condition-TCD02-EXPRISK1-2.json	1760	3	0	0	0	0	0	0	0	1	0	0	0	0	0	0	0	0	0	0	62	39	0	0	0	0	0	1
fsh-generated/resources/Condition-TCD02-EXPRISK1.json	1361	4	0	0	0	0	0	0	0	2	0	0	0	0	0	0	0	0	0	0	49	50	0	0	0	0	0	0
fsh-generated/resources/Condition-TCD02-UNDILL1-2.json	1503	3	0	0	0	0	0	0	0	2	0	0	0	0	0	0	0	0	0	0	49	54	0	0	0	0	0	0
fsh-generated/resources/Condition-TCD02-UNDILL1.json	1105	4	0	0	1	0	0	0	0	2	0	0	0	0	0	0	0	0	0	0	46	49	0	0	0	0	0	0
fsh-generated/resources/Condition-TCD03-EXPRISK1-2.json	2143	3	0	0	0	0	0	0	1	2	0	0	0	0	0	0	0	0	0	0	59	66	0	0	0	0	0	0
fsh-generated/resources/Condition-TCD03-EXPRISK1.json	1379	4	0	0	0	0	0	1	0	2	0	0	0	0	0	0	0	0	0	0	47	52	0	0	0	0	0	0
fsh-generated/resources/Condition-TCD03-EXPRISK2-2.json	2143	3	0	0	0	0	0	0	0	2	0	0	0	0	0	0	0	0	0	0	54	52	0	0	0	0	0	0
fsh-generated/resources/Condition-TCD03-EXPRISK2.json	1368	3	0	0	0	0	0	0	0	1	0	0	0	0	0	0	0	0	0	0	48	91	0	0	0	0	0	0
fsh-generated/resources/Condition-TCD03-EXPRISK3-2.json	2143	5	0	0	1	0	0	0	0	3	0	0	0	0	0	0	0	0	0	0	60	69	0	0	0	0	0	0
fsh-generated/resources/Condition-TCD03-EXPRISK3.json	1368	3	0	0	0	0	0	0	0	1	0	0	0	0	0	0	0	0	0	0	52	52	0	0	0	0	0	0
fsh-generated/resources/Condition-TCE01-UNDILL1-de.json	1097	4	0	0	0	0	0	0	0	2	0	0	0	0	0	0	0	0	0	0	46	46	0	0	0	0	0	0
fsh-generated/resources/Condition-TCF03-UNDILL1.json	1105	5	0	0	0	0	0	0	0	2	0	0	0	0	0	0	0	0	0	0	43	47	0	0	0	0	0	0
fsh-generated/resources/Condition-TCF03-UNDILL2.json	2158	4	0	0	1	0	0	0	0	2	0	0	0	0	0	0	0	0	0	0	116	52	0	0	0	0	0	0
fsh-generated/resources/Condition-TCF03-UNDILL3.json	1325	3	0	0	0	0	0	0	0	1	0	0	0	0	0	0	0	0	0	0	50	51	0	0	0	0	0	0
fsh-generated/resources/Device-TC-Device-Aggregator.json	832	4	0	0	0	0	0	0	0	3	0	0	0	0	0	0	0	0	0	0	49	43	0	0	0	0	0	0
fsh-generated/resources/Immunization-7-1-Immunization.json	2209	3	0	0	0	0	0	0	1	2	0	0	0	0	0	0	0	0	0	0	61	56	0	0	0	0	0	0
fsh-generated/resources/Immunization-7-1-Immunization2.json	2330	4	0	0	0	0	0	0	0	7390	0	0	0	0	0	0	0	0	0	0	67	63	0	0	0	0	0	0
fsh-generated/resources/Immunization-7-10-Immunization.json	2216	3	0	0	1	0	0	0	0	2	0	0	0	0	0	0	0	0	0	0	64	56	0	0	2	0	0	0
fsh-generated/resources/Immunization-7-11-Immunization.json	1812	4	0	0	0	0	0	0	0	1	0	0	0	0	0	0	0	0	0	0	60	45	0	0	0	0	0	0
fsh-generated/resources/Immunization-7-2-Immunization.json	2221	4	0	0	0	0	0	0	0	1	0	0	0	0	0	0	0	0	0	0	56	42	0	0	0	0	0	0
fsh-generated/resources/Immunization-7-3-Immunization.json	2221	3	0	0	0	0	0	0	0	1	0	0	0	0	0	0	0	0	0	0	56	46	0	0	0	0	0	0
fsh-generated/resources/Immunization-7-4-Immunization.json	2221	3	0	0	0	0	0	0	0	1	0	0	0	0	0	0	0	0	0	0	51	43	0	0	0	0	0	0
fsh-generated/resources/Immunization-7-5-Immunization.json	2173	4	0	0	0	0	0	0	0	1	0	0	0	0	0	0	0	0	0	0	51	51	0	0	0	0	0	0
fsh-generated/resources/Immunization-7-6-Immunization.json	1969	3	0	0	0	0	0	0	0	1	0	0	0	0	0	0	0	0	0	0	46	54	0	0	0	0	0	0
fsh-generated/resources/Immunization-7-7-Immunization.json	2263	4	0	0	1	0	0	0	0	1	0	0	0	0	0	0	0	0	0	0	61	48	0	0	0	0	0	0
fsh-generated/resources/Immunization-7-8-Immunization.json	2263	3	0	0	0	0	0	0	0	1	0	0	0	0	0	0	0	0	0	0	45	50	0	0	0	0	0	0
fsh-generated/resources/Immunization-7-9-Immunization.json	2263	3	0	0	0	0	0	0	1	2	0	0	0	0	0	0	0	0	0	0	60	46	0	0	0	0	0	0
fsh-generated/resources/Immunization-TCA01-IMMUN1-patient.json	2235	4	0	0	0	0	0	0	0	5	0	0	0	0	0	0	0	0	0	0	67	45	0	0	0	0	0	0
fsh-generated/resources/Immunization-TCA01-IMMUN2-HCP1-ORG1-ROLE.json	2549	3	0	0	0	0	0	0	0	1	0	0	0	0	0	0	0	0	0	0	62	42	0	0	0	0	0	0
fsh-generated/resources/Immunization-TCA01-IMMUN3-HCP2-ORG2-ROLE.json	2220	4	0	0	1	0	0	0	0	1	0	0	0	0	0	0	0	0	0	0	62	41	0	0	0	0	0	0
fsh-generated/resources/Immunization-TCA02-IMMUN4-HCP2-ORG2-ROLE.json	2005	3	0	0	0	0	0	0	0	1	0	0	0	0	0	0	0	0	0	0	59	47	0	0	0	0	0	0
fsh-generated/resources/Immunization-TCA03-IMMUN5-patient.json	1994	3	0	0	0	0	0	0	0	2	0	0	0	0	0	0	0	0	0	0	55	45	0	0	0	0	0	0
fsh-generated/resources/Immunization-TCA04-IMMUN5-patient-val-gfp.json	2813	4	0	0	0	0	0	0	0	2	0	0	0	0	0	0	0	0	0	0	62	42	0	0	1	0	0	0
fsh-generated/resources/Immunization-TCB01-IMMUN1.json	2014	3	0	0	0	0	0	0	0	1	0	0	0	0	0	0	0	0	0	0	55	44	0	1	0	0	0	0
fsh-generated/resources/Immunization-TCB01-IMMUN2.json	2474	4	0	0	1	0	0	0	0	1	0	0	0	0	0	0	0	0	0	0	51	41	0	0	0	0	0	0
fsh-generated/resources/Immunization-TCB05-IMMUN1.json	2015	3	0	0	0	0	0	0	0	1	0	0	0	0	0	0	0	0	0	1	50	49	0	0	0	0	0	0
fsh-generated/resources/Immunization-TCB05-IMMUN2.json	2475	4	0	0	0	0	0	0	1	1	0	0	0	0	0	0	0	0	0	0	52	50	0	0	0	0	0	0
fsh-generated/resources/Immunization-TCC01-IMMUN1-patient.json	2820	3	0	0	0	0	0	0	0	1	0	0	0	0	0	0	0	0	0	0	58	45	0	0	0	0	0	0
fsh-generated/resources/Immunization-TCC01-IMMUN2-patient.json	2005	4	0	0	1	0	0	0	0	1	0	0	0	0	0	0	0	0	0	0	57	50	0	0	0	0	0	0
fsh-generated/resources/Immunization-TCC02-IMMUN3-HCP1-ORG1-ROLE.json	2838	3	0	0	0	0	0	0	0	2	0	0	0	0	0	0	0	0	0	0	68	46	0	0	0	0	0	0
fsh-generated/resources/Immunization-TCC02-IMMUN4-HCP1-ORG1-ROLE.json	2023	4	0	0	0	0	0	0	0	1	0	0	0	0	0	0	0	0	0	0	63	45	0	0	0	0	0	0
fsh-generated/resources/Immunization-TCD01-IMMUN1.json	2014	3	0	0	0	0	0	0	0	1	0	0	0	0	0	0	0	0	0	0	58	42	0	0	0	0	0	0
fsh-generated/resources/Immunization-TCD01-IMMUN2-2.json	2853	3	0	0	0	0	0	0	0	1	0	0	0	0	0	0	0	0	0	0	66	44	0	0	0	0	0	0
fsh-generated/resources/Immunization-TCD01-IMMUN2.json	2474	4	0	0	1	0	0	0	0	1	0	0	0	0	0	0	0	0	0	0	55	47	0	0	0	0	0	0
fsh-generated/resources/Immunization-TCD01-IMMUN3-2.json	2853	3	0	0	0	1	0	0	0	3	0	0	0	0	0	0	0	0	0	0	68	87	0	0	0	0	0	0
fsh-generated/resources/Immunization-TCD01-IMMUN3.json	2474	3	0	0	0	0	0	0	0	1	0	0	0	0	0	0	0	0	0	0	53	57	0	0	0	0	0	0
fsh-generated/resources/Immunization-TCD01-IMMUN4.json	2000	4	0	0	0	0	0	0	1	1	0	0	0	0	0	0	0	0	0	0	50	60	0	0	0	0	0	0
fsh-generated/resources/Immunization-TCD01-IMMUN5.json	2029	3	0	0	0	0	0	0	0	2	0	0	0	0	0	0	0	0	0	0	54	59	0	0	0	0	0	0
fsh-generated/resources/Immunization-TCE01-IMMUN1-de.json	2050	4	0	0	0	0	0	0	0	1	0	0	0	0	0	0	0	0	0	0	54	51	0	0	0	0	0	0
fsh-generated/resources/Immunization-TCE01-IMMUN1-fr.json	2040	3	0	0	1	0	0	0	0	1	0	0	0	0	0	0	0	0	0	0	48	55	0	0	0	0	0	0
fsh-generated/resources/Immunization-TCE01-IMMUN2-de.json	2436	3	0	0	0	0	0	0	0	1	0	0	0	0	0	0	0	0	0	0	45	55	0	0	0	0	0	1
fsh-generated/resources/Immunization-TCE01-IMMUN2-fr.json	2471	4	0	0	0	0	1	0	1	1	0	0	0	0	0	0	0	0	0	0	52	49	0	0	0	0	0	0
fsh-generated/resources/Immunization-TCF01-IMMUN1.json	1993	3	0	0	0	0	0	0	0	2	0	0	0	0	0	0	0	0	0	0	55	39	0	0	0	0	0	0
fsh-generated/resources/Immunization-TCF01-IMMUN2.json	3042	3	0	0	0	0	0	0	0	2	0	0	0	0	0	0	0	0	0	0	78	47	0	0	0	0	0	0
fsh-generated/resources/Immunization-TCF01-IMMUN3.json	2227	4	0	0	0	0	0	0	0	2	0	0	0	0	0	0	0	0	0	0	67	43	0	0	0	0	0	0
fsh-generated/resources/ImmunizationRecommendation-10-1-ImmunizationRecommendation.json	1822	3	0	0	1	0	0	0	0	2	0	0	0	0	0	0	0	0	0	0	54	44	0	0	0	0	0	0
fsh-generated/resources/ImmunizationRecommendation-10-2-ImmunizationRecommendation.json	1825	3	0	0	0	0	0	0	0	2	0	0	0	0	0	0	0	0	0	0	50	42	0	0	0	0	0	0
fsh-generated/resources/ImmunizationRecommendation-10-3-ImmunizationRecommendation.json	1919	4	0	0	0	0	0	0	0	1	0	0	0	0	0	0	0	0	0	0	48	40	0	0	0	0	0	0
fsh-generated/resources/ImmunizationRecommendation-10-4-ImmunizationRecommendation.json	1825	3	0	0	0	0	0	0	0	1	0	0	0	0	0	0	0	0	0	0	50	57	0	0	0	0	0	0
fsh-generated/resources/Location-TC-Device-Aggregator-Location.json	578	3	0	0	0	0	0	0	0	1	0	0	0	0	0	0	0	0	0	0	41	35	0	0	0	0	0	0
fsh-generated/resources/Medication-TC-IMMUN-MEDIC-BOOSTRIX.json	1501	4	0	0	0	0	0	0	0	1	1	0	0	0	0	0	0	0	0	0	57	39	0	0	0	0	0	0
fsh-generated/resources/Medication-TC-IMMUN-MEDIC-FSMEIMMCC.json	1534	4	0	0	1	0	0	0	1	2	0	0	0	0	0	0	0	0	0	0	48	37	0	0	0	0	0	0
fsh-generated/resources/Medication-TC-IMMUN-MEDIC-GARDASIL9.json	1522	4	0	0	0	0	0	0	0	1	0	0	0	0	0	0	0	1	0	0	50	37	0	0	0	0	0	0
fsh-generated/resources/Medication-TC-IMMUN-MEDIC-HAVRIX1440.json	1507	4	0	0	0	0	0	0	0	0	0	0	0	0	0	0	0	0	0	0	51	33	0	0	0	0	0	0
fsh-generated/resources/Medication-TC-IMMUN-MEDIC-PRIORIX.json	1516	4	0	0	0	0	0	0	0	1	0	0	0	0	0	0	0	0	0	0	50	35	0	0	2	0	0	0
fsh-generated/resources/MessageHeader-2-4-ImmunizationRecommendationRequestMessageHeader.json	1984	4	0	0	0	0	0	0	0	16	0	0	0	0	0	0	0	0	0	0	58	47	0	0	0	0	0	0
fsh-generated/resources/MessageHeader-2-5-ImmunizationRecommendationResponseMessageHeader.json	1399	4	0	0	0	0	0	0	0	12	0	0	0	0	0	0	0	0	0	0	50	38	0	0	0	0	0	0
fsh-generated/resources/Observation-9-1-Observation.json	1528	4	0	0	1	0	0	0	0	1	0	0	0	0	0	0	0	0	0	0	49	41	0	0	0	0	0	0
fsh-generated/resources/Observation-9-2-Observation.json	1528	3	0	0	0	0	0	0	0	2	0	0	0	0	0	0	0	0	0	0	56	44	0	0	0	0	0	0
fsh-generated/resources/Observation-TCB04-LABRES1.json	1338	4	0	0	0	0	0	0	0	1	0	0	0	0	0	0	0	0	0	0	41	46	0	0	0	0	0	0
fsh-generated/resources/Organization-5-1-Organization.json	918	3	0	0	0	0	0	0	0	1	0	0	0	0	0	0	0	0	0	0	50	45	0	0	0	0	0	0
fsh-generated/resources/Organization-5-2-Organization.json	513	4	0	0	0	0	0	0	0	0	0	0	0	0	0	0	0	0	0	0	52	35	0	0	0	0	0	0
fsh-generated/resources/Organization-5-3-Organization.json	490	3	0	0	1	0	0	0	0	1	0	0	0	0	0	0	0	0	0	0	47	29	0	0	0	0	0	0
fsh-generated/resources/Organization-5-4-Organization.json	315	4	0	0	0	0	0	0	0	0	0	0	0	0	0	0	0	0	0	0	46	30	0	0	0	0	0	0
fsh-generated/resources/Organization-5-5-Organization.json	417	5	0	0	0	0	0	0	0	0	0	0	0	0	0	0	0	0	0	0	41	32	0	0	0	0	0	0
fsh-generated/resources/Organization-5-6-Organization.json	391	4	0	0	0	0	0	0	0	1	0	0	0	0	0	0	0	0	0	0	38	32	0	0	0	0	0	0
fsh-generated/resources/Organization-CDSS-Organization.json	502	3	0	0	0	0	0	0	0	0	0	0	0	0	0	0	0	0	0	0	43	35	0	0	0	0	0	0
fsh-generated/resources/Organization-TC-ORG-GSK.json	901	3	0	0	0	0	0	0	0	0	0	0	0	0	0	0	0	0	0	0	53	38	0	0	0	0	0	0
fsh-generated/resources/Organization-TC-ORG-MSD.json	812	4	0	0	0	0	0	0	0	1	0	0	0	0	0	0	0	0	0	0	45	68	0	0	0	0	0	0
fsh-generated/resources/Organization-TC-ORG-PFIZER.json	920	3	0	0	1	0	0	0	0	0	0	0	0	0	0	0	0	0	0	0	47	49	0	0	0	0	0	0
fsh-generated/resources/Organization-TC-ORG1.json	911	4	0	0	0	0	0	0	1	1	0	0	0	0	0	0	0	0	0	0	41	36	0	0	0	0	0	0
fsh-generated/resources/Organization-TC-ORG2.json	905	3	0	0	0	0	0	0	0	0	0	0	0	0	0	0	0	0	0	0	39	34	0	0	0	0	0	0
fsh-generated/resources/Organization-TC-ORG3.json	817	3	0	0	0	0	0	0	0	1	0	0	0	0	0	0	0	0	0	0	42	38	0	0	0	0	0	0
fsh-generated/resources/Patient-3-1-Patient.json	891	4	0	0	0	0	0	0	0	0	0	0	0	0	0	0	0	0	0	0	76	40	0	0	0	0	0	0
fsh-generated/resources/Patient-3-2-Patient.json	651	3	0	0	0	0	0	0	0	1	0	0	0	0	0	0	0	0	0	0	50	35	0	0	0	0	0	0
fsh-generated/resources/Patient-TC-patient.json	890	4	0	0	3	0	0	0	0	1	0	0	0	0	0	0	0	0	0	0	42	34	0	0	0	0	0	0
fsh-generated/resources/Patient-TC-patient2.json	883	3	0	0	0	0	0	0	0	0	0	0	0	0	0	0	0	0	0	0	42	33	0	0	0	0	0	0
fsh-generated/resources/Practitioner-4-1-Practitioner.json	1055	3	0	0	0	0	0	0	0	1	0	0	0	0	0	0	0	0	0	0	36	33	0	0	0	0	0	0
fsh-generated/resources/Practitioner-4-2-Practitioner.json	601	3	0	0	0	0	0	0	0	0	0	0	0	0	0	0	0	0	0	0	48	30	0	0	0	0	0	0
fsh-generated/resources/Practitioner-4-3-Practitioner.json	575	4	0	0	1	0	0	0	0	0	0	0	0	0	0	0	0	0	0	0	45	32	0	0	0	0	0	0
fsh-generated/resources/Practitioner-4-4-Practitioner.json	394	3	0	0	0	0	0	0	0	1	0	0	0	0	0	0	0	0	0	0	45	33	0	0	0	0	0	0
fsh-generated/resources/Practitioner-4-5-Practitioner.json	505	3	0	0	0	0	0	0	0	0	0	0	0	0	0	0	0	0	0	0	43	39	0	0	0	0	0	0
fsh-generated/resources/Practitioner-4-6-Practitioner.json	476	3	0	0	0	0	0	0	0	0	0	0	0	0	0	0	0	0	0	0	40	36	0	0	0	0	0	0
fsh-generated/resources/Practitioner-TC-HCP1-C1.json	1053	4	0	0	1	0	0	0	0	1	0	0	1	0	0	0	0	0	0	0	41	48	0	0	0	0	0	0
fsh-generated/resources/Practitioner-TC-HCP2-C2.json	1063	3	0	0	0	0	0	0	0	0	0	0	0	0	0	0	0	0	0	0	47	54	0	0	0	0	0	0
fsh-generated/resources/Practitioner-TC-HCP3-C1.json	1053	4	0	0	0	0	0	0	0	1	0	0	0	0	0	0	0	0	0	0	49	37	0	0	0	0	0	0
fsh-generated/resources/PractitionerRole-6-1-PractitionerRole.json	362	3	0	0	0	0	0	0	0	1	0	0	0	0	0	0	0	0	0	0	41	46	0	0	0	0	0	0
fsh-generated/resources/PractitionerRole-6-2-PractitionerRole.json	358	3	0	0	1	0	0	0	0	0	0	0	0	0	0	0	0	0	0	0	40	42	0	0	0	0	0	0
fsh-generated/resources/PractitionerRole-6-3-PractitionerRole.json	358	3	0	0	0	0	0	0	0	1	0	0	0	0	0	0	0	0	0	0	38	46	0	0	0	0	0	0
fsh-generated/resources/PractitionerRole-6-4-PractitionerRole.json	358	4	0	0	0	0	0	0	0	0	0	0	0	0	0	0	0	0	0	0	39	38	0	0	0	0	0	0
fsh-generated/resources/PractitionerRole-6-5-PractitionerRole.json	358	3	0	0	0	0	0	0	0	1	0	0	0	0	0	0	0	0	0	0	46	36	0	0	0	0	0	0
fsh-generated/resources/PractitionerRole-6-6-PractitionerRole.json	358	3	0	0	0	0	0	0	0	0	0	0	0	0	0	0	0	0	0	0	36	35	0	0	0	0	0	0
fsh-generated/resources/PractitionerRole-TC-HCP1-ORG1-ROLE-author.json	351	3	0	0	1	0	0	0	0	1	0	0	0	0	0	0	0	0	0	0	41	36	0	0	0	0	0	0
fsh-generated/resources/PractitionerRole-TC-HCP1-ORG1-ROLE-performer.json	354	4	0	0	0	0	0	0	0	0	0	0	0	0	0	0	0	0	0	0	46	41	0	0	0	0	0	0
fsh-generated/resources/PractitionerRole-TC-HCP2-ORG2-ROLE-author.json	351	3	0	0	0	0	0	0	0	1	0	0	0	0	0	0	0	0	0	0	39	95	0	0	0	0	0	0
fsh-generated/resources/PractitionerRole-TC-HCP2-ORG2-ROLE-performer.json	354	3	0	0	1	0	0	0	0	0	0	0	0	0	0	0	0	0	0	0	40	43	0	0	0	0	0	0
fsh-generated/resources/PractitionerRole-TC-HCP3-ORG1-ROLE-author.json	351	3	0	0	0	0	0	0	0	1	0	0	0	0	0	0	0	0	0	0	41	39	0	0	0	0	0	0
fsh-generated/resources/PractitionerRole-TC-HCP3-ORG1-ROLE-performer.json	354	4	0	0	0	0	0	0	0	0	0	0	0	0	0	0	0	0	0	0	46	43	0	0	0	0	0	0
fsh-generated/resources/StructureDefinition-ch-vacd-allergyintolerances.json	3666	3	0	158	0	0	0	0	1	112	0	0	0	0	0	0	0	1	0	0	531	1042	0	0	0	13	0	1
fsh-generated/resources/StructureDefinition-ch-vacd-basic-immunization.json	2937	4	0	214	0	0	0	0	0	137	0	0	0	0	0	0	0	1	0	0	507	989	0	0	0	8	1	0
fsh-generated/resources/StructureDefinition-ch-vacd-composition-immunization-administration.json	23787	5	0	693	1	0	0	0	0	228	0	0	0	0	0	0	0	4	0	0	3300	2091	0	0	0	45	0	3
fsh-generated/resources/StructureDefinition-ch-vacd-composition-vaccination-record.json	23978	4	0	385	0	0	0	0	0	164	0	0	1	0	0	0	0	6	0	0	3743	1787	0	0	0	46	1	3
fsh-generated/resources/StructureDefinition-ch-vacd-condition.json	4788	4	0	0	0	0	0	0	0	28	0	0	0	0	0	0	0	1	0	0	701	2965	0	0	0	8	0	0
fsh-generated/resources/StructureDefinition-ch-vacd-document-immunization-administration.json	6188	3	0	396	0	0	0	0	0	193	0	0	1	0	0	0	0	7	0	0	4608	3903	0	0	0	58	1	6
fsh-generated/resources/StructureDefinition-ch-vacd-document-vaccination-record.json	6116	4	0	495	1	0	0	0	0	182	0	0	0	0	0	0	0	8	0	0	4518	2676	0	0	0	55	1	5
fsh-generated/resources/StructureDefinition-ch-vacd-ext-immunization-medication-reference.json	2240	3	0	10	0	0	0	0	0	20	0	0	0	0	0	0	0	0	0	0	178	324	0	0	0	3	0	0
fsh-generated/resources/StructureDefinition-ch-vacd-ext-merging-conflict-entry-reference.json	4819	4	0	11	0	0	0	0	0	89	0	0	0	0	0	0	0	1	0	0	397	402	0	0	0	4	1	1
fsh-generated/resources/StructureDefinition-ch-vacd-ext-verification-status.json	2264	3	0	11	0	0	0	0	0	48	0	0	0	0	0	0	0	0	0	0	187	402	0	0	0	1	0	0
fsh-generated/resources/StructureDefinition-ch-vacd-immunization-recommendation.json	2456	4	0	38	1	0	0	0	0	63	0	0	1	0	0	0	0	0	0	0	509	644	0	0	0	5	0	0
fsh-generated/resources/StructureDefinition-ch-vacd-immunization.json	6792	3	0	21	0	0	0	0	0	75	0	0	0	0	0	0	0	1	0	0	951	1172	0	0	0	16	2	1
fsh-generated/resources/StructureDefinition-ch-vacd-laboratory-serology.json	5432	4	0	21	0	0	0	0	0	72	0	0	0	0	0	0	0	1	0	0	722	1387	0	0	0	12	0	1
fsh-generated/resources/StructureDefinition-ch-vacd-medical-problems.json	2973	3	0	16	0	0	0	0	0	57	0	0	0	0	0	0	0	1	0	0	632	2710	0	1	0	8	0	0
fsh-generated/resources/StructureDefinition-ch-vacd-medication-for-immunization.json	3636	3	0	28	0	0	0	0	0	250	0	0	0	0	0	0	0	1	0	0	733	1004	0	0	0	18	0	1
fsh-generated/resources/StructureDefinition-ch-vacd-pastillnesses.json	3591	3	0	17	0	0	0	0	0	43	0	0	0	0	0	0	0	1	0	0	567	2510	0	0	0	7	1	1
fsh-generated/resources/StructureDefinition-ch-vacd-recommendation-request-message.json	7992	4	0	346	1	0	0	0	0	162	0	0	0	0	0	0	0	5	0	0	3220	1726	0	0	0	70	0	3
fsh-generated/resources/StructureDefinition-ch-vacd-recommendation-request-messageheader.json	5136	4	0	12	0	0	0	0	0	87	0	0	1	0	0	0	0	1	0	0	746	523	0	0	0	9	0	1
fsh-generated/resources/StructureDefinition-ch-vacd-recommendation-response-message.json	5270	3	0	195	0	0	0	0	0	73	0	0	0	0	0	0	0	3	0	0	2150	2041	0	0	0	30	1	2
fsh-generated/resources/StructureDefinition-ch-vacd-recommendation-response-messageheader.json	3465	4	0	13	0	0	0	0	0	44	0	0	0	0	0	0	0	1	0	0	617	521	0	0	0	8	0	0
fsh-generated/resources/ValueSet-ch-vacd-basic-immunization-vs.json	13335	4	0	0	0	0	0	0	1	362	0	0	0	0	0	0	0	0	0	0	121	280	0	0	0	1	0	0
fsh-generated/resources/ValueSet-ch-vacd-entry-conflict-vs.json	1171	3	0	0	0	0	0	0	0	8	0	0	0	0	0	0	0	0	0	0	44	120	0	0	0	2	0	0
fsh-generated/resources/ValueSet-ch-vacd-immunization-allergyintolerances-vs.json	36450	4	0	0	1	0	0	0	2	839	0	0	0	0	0	0	0	0	0	0	272	1202	0	0	0	5	0	0
fsh-generated/resources/ValueSet-ch-vacd-laboratory-serology-vs.json	12087	4	0	0	0	0	0	0	0	395	0	0	0	0	0	0	0	0	0	0	111	564	0	0	0	1	0	0
fsh-generated/resources/ValueSet-ch-vacd-risks-medical-vs.json	25552	4	0	0	0	0	0	0	1	500	0	0	0	0	0	0	0	1	0	0	189	786	0	0	0	4	0	1
fsh-generated/resources/ValueSet-ch-vacd-risks-occupation-vs.json	7431	4	0	0	0	0	0	0	0	388	0	0	0	0	0	0	0	0	0	0	82	546	0	0	0	0	0	0
fsh-generated/resources/ValueSet-ch-vacd-risks-preillness-vs.json	15146	4	0	0	0	0	0	0	1	539	0	0	0	0	0	0	0	0	0	0	112	598	0	0	0	1	0	0
fsh-generated/resources/ValueSet-ch-vacd-risks-social-vs.json	10200	3	0	0	0	0	0	0	1	925	0	0	0	0	0	0	0	0	0	0	92	549	0	0	0	2	0	0
fsh-generated/resources/ValueSet-ch-vacd-risks-vs.json	861	4	0	0	1	0	0	0	0	124	0	0	0	0	0	0	0	0	0	0	45	448	0	0	0	0	0	0
fsh-generated/resources/ValueSet-ch-vacd-verification-status-vs.json	1987	3	0	0	0	0	0	0	0	386	0	0	0	0	0	0	0	0	0	0	48	612	0	0	0	0	0	0
